<?xml version="1.0" encoding="UTF-8"?>
<project-private xmlns="http://www.netbeans.org/ns/project-private/1">
    <editor-bookmarks xmlns="http://www.netbeans.org/ns/editor-bookmarks/2" lastBookmarkId="0"/>
    <open-files xmlns="http://www.netbeans.org/ns/projectui-open-files/2">
        <group>
            <file>file:/C:/Ferdous/ICT373/ICT373-Lectures/Tpoic%208/First/web/index.html</file>
            <file>file:/C:/Ferdous/ICT373/ICT373-Lectures/Tpoic%208/First/web/WEB-INF/web.xml</file>
            <file>file:/C:/Ferdous/ICT373/ICT373-Lectures/Tpoic%208/First/src/java/MyServlet.java</file>
        </group>
    </open-files>
</project-private>
