<?xml version="1.0" encoding="UTF-8"?>
<project-private xmlns="http://www.netbeans.org/ns/project-private/1">
    <editor-bookmarks xmlns="http://www.netbeans.org/ns/editor-bookmarks/2" lastBookmarkId="0"/>
    <open-files xmlns="http://www.netbeans.org/ns/projectui-open-files/2">
        <group>
            <file>file:/D:/Teaching/2019/S1%202019%20ICT373/Lectures/Topic%208/Topic%208%20Example/RMIexampleServer/src/rmiexampleserver/Main.java</file>
            <file>file:/D:/Teaching/2019/S1%202019%20ICT373/Lectures/Topic%208/Topic%208%20Example/RMIexampleServer/src/RmiPack/MessageImpl.java</file>
            <file>file:/D:/Teaching/2019/S1%202019%20ICT373/Lectures/Topic%208/Topic%208%20Example/RMIexampleServer/src/RmiPack/Message.java</file>
        </group>
    </open-files>
</project-private>
